{"cameraMode":{"drawMode":0,"name":"Shaded","section":"Shading Mode"},"sceneLighting":true,"audioPlay":false,"sceneViewState":{"showFog":true,"showMaterialUpdate":false,"showSkybox":true,"showFlares":true,"showImageEffects":true,"showParticleSystems":true},"in2DMode":false,"pivot":{"x":1.4410001039505005,"y":1.290000081062317,"z":-2.2360000610351564},"rotation":{"x":0.1219118982553482,"y":0.26601642370224,"z":-0.03397451713681221,"w":0.9556246995925903},"size":16.004150390625,"orthographic":true}